Everyone;3 Friends;2 Friends;No Friend
Counter-Strike: Global Offensive;Garry's Mod;Stardew Valley;Rocket League
Brawlhalla;Portal 2;Middle-earth™: Shadow of War™;PUBG: BATTLEGROUNDS
;Horizon Zero Dawn;Borderlands 2;Sid Meier's Civilization V
;Black Desert;Duck Game;Baba Is You
;PAYDAY 2;Sekiro™: Shadows Die Twice;Factorio
;Fall Guys;Terraria;Ori and the Blind Forest: Definitive Edition
;Raft;Far Cry 5;Spiritfarer®: Farewell Edition
;Move or Die;Deep Rock Galactic;Borderlands 3
;Team Fortress 2;It Takes Two;DOOM Eternal
;Unturned;Space Engineers;Enter the Gungeon
;Little Nightmares;Dying Light;Bloody Trapland
;Tom Clancy's Rainbow Six Siege;WHAT THE GOLF?;Dead by Daylight
;No Man's Sky;A Plague Tale: Innocence;Ori and the Will of the Wisps
;The Witcher 3: Wild Hunt;Keep Talking and Nobody Explodes;BattleBlock Theater
;SUPERHOT;Assassin's Creed Unity;Cuphead
;Tom Clancy's Rainbow Six Siege - Test Server;Human: Fall Flat;A Hat in Time
;;Monster Hunter: World;Golf With Your Friends
;;Furi;The Jackbox Party Pack 3
;;Golf It!;Alien: Isolation
;;Don't Starve Together;Rise of the Tomb Raider
;;Tabletop Simulator;Overcooked
;;Forts;Green Hell
;;We Were Here;Yoku's Island Express
;;Dota 2;SMITE
;;Life is Strange™;Metro 2033
;;Heroes & Generals;Metro: Last Light Redux
;;Portal Stories: Mel;Risk of Rain
;;Stick Fight: The Game;Shovel Knight: Treasure Trove
;;Trove;Resident Evil 3
;;Spiral Knights;Ultimate Chicken Horse
;;DARK SOULS™ III;Mark of the Ninja: Remastered
;;Battlefield™ 2042 Open Beta;GTFO
;;TrackMania Nations Forever;Portal Reloaded
;;Warframe;Pacify
;;Among Us;Evolve Stage 2
;;Bloons TD Battles;Human Resource Machine
;;God of War;Outlast
;;Paladins;Castle Crashers
;;Paladins - Public Test;To Be Headed Or Not To Be
;;Syberia;Resident Evil 2
;;Arma 3;No Time To Explain Remastered
;;PlanetSide 2;Steep Open Beta
;;Satisfactory;Little Misfortune
;;Sea of Thieves;Biped
;;DCS World Steam Edition;Dead Realm
;;Just Cause 3;Age of Empires® III (2007)
;;Beat Saber;The Escapists 2
;;Pavlov VR;LEGO® The Lord of the Rings™
;;HITMAN™ 2;Quantum Chess
;;Superliminal;Shotgun King: The Final Checkmate
;;Apex Legends;Prison Architect
;;Totally Accurate Battle Simulator;Porcunipine
;;STRIDE;Journey
;;Control Ultimate Edition;Carto
;;Elite Dangerous;Worms Revolution
;;Half-Life: Alyx;Slapshot: Rebound
;;Kerbal Space Program;Drawful 2
;;METAL GEAR SOLID V: GROUND ZEROES;VVVVVV
;;METAL GEAR SOLID V: THE PHANTOM PAIN;America's Army: Proving Grounds
;;PlanetSide 2 - Test;The Gardens Between
;;Portal;Left on Read
;;The Lab;Gauntlet™ 
;;The Stanley Parable: Ultra Deluxe;Nidhogg
;;Tomb Raider;Marvel Heroes Omega
;;Total War: SHOGUN 2;The Cave
;;VRChat;Aperture Desk Job
;;Risk of Rain 2;Aim Lab
;;ARK: Survival Evolved;No More Room in Hell
;;Fallout 4;Minit
;;Devil May Cry 5;FreeStyle 2: Street Basketball
;;Path of Exile;The Binding of Isaac: Rebirth
;;Starbound;Shiny The Firefly
;;Metro Exodus;Braid
;;Destiny 2;Magicka: Wizard Wars
;;ARK: Survival Of The Fittest;Gear Up
;;Metro Exodus Enhanced Edition;Transformice
;;Starbound - Unstable;Ori and the Blind Forest
;;;Two Point Hospital
;;;Aperture Tag: The Paint Gun Testing Initiative
;;;Age of Empires II (2013)
;;;America's Army 3
;;;Crab Game
;;;Deceit
;;;Kingdom: Classic
;;;Kingdom: New Lands
;;;LEGO® The Hobbit™
;;;Mark of the Ninja
;;;Monaco
;;;Outlast 2
;;;Portal 2 Sixense Perceptual Pack
;;;RESIDENT EVIL RESISTANCE
;;;Semblance
;;;Shadow of the Tomb Raider
;;;SMITE - Public Test
;;;SNOW
;;;Tiger Knight: Empire War
;;;Grand Theft Auto V
;;;War Thunder
;;;Forza Horizon 5
;;;Euro Truck Simulator 2
;;;Stormworks: Build and Rescue
;;;Red Dead Redemption 2
;;;Transport Fever 2
;;;Assassin's Creed Odyssey
;;;Starbase
;;;SnowRunner
;;;Temtem
;;;WARNO
;;;Liftoff
;;;Wargame: Red Dragon
;;;American Truck Simulator
;;;Insurgency: Sandstorm
;;;Call of Duty: Black Ops III
;;;Spintires®
;;;Hell Let Loose
;;;Ship Simulator Extremes
;;;Assetto Corsa Competizione
;;;MudRunner
;;;Voxel Tycoon
;;;DiRT Rally 2.0
;;;Ylands
;;;Detroit: Become Human
;;;IL-2 Sturmovik: Battle of Stalingrad
;;;Train Simulator
;;;Assassin's Creed Syndicate
;;;DiRT Rally
;;;Foxhole
;;;Steep
;;;Door Kickers 2
;;;Derail Valley
;;;art of rally
;;;Titanfall® 2
;;;Train Sim World® 2020
;;;Pummel Party
;;;Carrier Command 2
;;;Eleven Table Tennis
;;;Firewatch
;;;Mafia: Definitive Edition
;;;Train Sim World® 2
;;;A Way Out
;;;Super Tennis Blast
;;;Train Valley 2
;;;BeamNG.drive
;;;PC Building Simulator
;;;Absolute Drift
;;;We Were Here Together
;;;Overcooked! 2
;;;Peekaboo
;;;Grand Mountain Adventure
;;;Partisans 1941
;;;CarX Drift Racing Online
;;;Mini Motorways
;;;Blacksad
;;;Assassin's Creed Origins
;;;Between the Stars
;;;GRIS
;;;INSIDE
;;;Shadow Tactics: Blades of the Shogun - Aiko's Choice
;;;DiRT Showdown
;;;Becastled
;;;Steel Division 2
;;;ACE COMBAT™ 7: SKIES UNKNOWN
;;;Beyond: Two Souls
;;;Moving Out
;;;Boomerang Fu
;;;Bear With Me: The Lost Robots
;;;Agatha Christie - Hercule Poirot: The First Cases
;;;Longvinter
;;;Unspottable
;;;Winter Resort Simulator 2
;;;Battlecruisers
;;;The Crew 2
;;;SUPERHOT: MIND CONTROL DELETE
;;;Desperados III
;;;Rolling Line
;;;Car Mechanic Simulator 2015
;;;Bad North
;;;Circuit Superstars
;;;The Room VR: A Dark Matter
;;;Assetto Corsa
;;;ShellShock Live
;;;SUPERHOT VR
;;;Car Mechanic Simulator 2018
;;;World of Guns: Gun Disassembly
;;;Fore Score
;;;Arma Reforger
;;;Just Cause 4
;;;Poly Bridge 2
;;;Wolfenstein II: The New Colossus
;;;Google Earth VR
;;;Red Matter
;;;Sonic & All-Stars Racing Transformed Collection
;;;Governor of Poker 3
;;;Rayman Legends
;;;Gamedec - Definitive Edition
;;;Iron Harvest
;;;Squad
;;;Conway: Disappearance at Dahlia View
;;;Zero Caliber VR
;;;RAGE 2
;;;FRAMED Collection
;;;The Suicide of Rachel Foster
;;;Mini Words
;;;Clustertruck
;;;Pacer
;;;Pure Rock Crawling
;;;Tropico 6
;;;Heliborne Collection
;;;Murder Mystery Machine
;;;Lost Ember
;;;Mr. Fast
;;;The Ramp
;;;DIRT 5
;;;Super Volley Blast
;;;Taur
;;;Planet Zoo
;;;BALSA Model Flight Simulator
;;;The Battle of Polytopia
;;;Teardown
;;;Stellaris
;;;Kopanito All-Stars Soccer
;;;LEGO® DC Super-Villains
;;;Please Fix The Road
;;;12 orbits
;;;Wreckfest
;;;Project CARS 2
;;;DiRT 3 Complete Edition
;;;Planetary Annihilation: TITANS
;;;Need for Speed™ Heat 
;;;HUMANKIND™
;;;City Car Driving
;;;DRONE The Game
;;;Train Frontier Classic
;;;Kayak VR: Mirage
;;;Cartel Tycoon
;;;Gunner, HEAT, PC!
;;;Eco
;;;Sherlock Holmes Chapter One
;;;Stikbold!
;;;Mirror's Edge
;;;Toasterball
;;;Plane Mechanic Simulator
;;;Slap City
;;;MultiVersus
;;;Rubber Bandits
;;;Bomber Crew
;;;TANKNAROK
;;;IronWolf VR
;;;H-SNIPER: World War II
;;;Project Wingman
;;;Treadnauts
;;;Spinball
;;;OneShift
;;;UBOAT
;;;ISLANDERS
;;;Thief Simulator
;;;Sky Rogue
;;;Caravan Chaos
;;;Gang Beasts
;;;VIDEOBALL
;;;Cities: Skylines
;;;Assassin's Creed Revelations
;;;Race The Sun
;;;Cliff Empire
;;;Assassin's Creed
;;;Aimbeast
;;;DiRT 4
;;;Agatha Christie - The ABC Murders
;;;Surviving Mars
;;;Ultimate Admiral: Dreadnoughts
;;;Assassin’s Creed® Chronicles: India
;;;Out of Ammo
;;;Assassin's Creed II
;;;Assassin's Creed Brotherhood
;;;Assassin's Creed Liberation
;;;Assassin's Creed Rogue
;;;Assassin’s Creed® Chronicles: China
;;;Assassin’s Creed® Chronicles: Russia
;;;LIMBO
;;;Brick-Force
;;;Assassin's Creed IV Black Flag
;;;1943 Berlin Blitz
;;;ABRISS
;;;Alba: A Wildlife Adventure
;;;Arise: A Simple Story
;;;Arizona Sunshine
;;;Arma: Cold War Assault
;;;Arma Reforger Experimental
;;;As Dusk Falls
;;;Assassin's Creed III Remastered
;;;Avorion
;;;Battlefield 1 ™
;;;Battlefield 4™ 
;;;Battlefield™ 2042
;;;Battlefield™ V
;;;Bitburner
;;;Brick Rigs
;;;Brothers - A Tale of Two Sons
;;;Buissons
;;;Bullet Roulette VR
;;;Call of Cthulhu
;;;Call of Duty: Black Ops II
;;;Call of Duty: Black Ops II - Multiplayer
;;;Call of Duty: Black Ops II - Zombies
;;;Call of the Sea
;;;Call to Arms
;;;Car Mechanic Simulator 2021
;;;Carrier Command 2 VR
;;;Contractors VR
;;;Dakar 18
;;;Destroy All Humans!
;;;Deus Ex: Mankind Divided™
;;;Disco Elysium
;;;Dorfromantik
;;;EVERSPACE™ 2
;;;Fahrenheit: Indigo Prophecy Remastered
;;;Far Cry New Dawn
;;;Final Assault
;;;First Person Tennis - The Real Tennis Simulator
;;;Foundation
;;;Frostpunk
;;;Fruit Ninja VR
;;;GOAT OF DUTY
;;;Golf Club Wasteland
;;;Gorogoa
;;;Halo: The Master Chief Collection
;;;Haven Park
;;;Heavy Rain
;;;Homeworld: Deserts of Kharak
;;;Inertial Drift
;;;Instruments of Destruction
;;;Interrogation: You will be deceived
;;;Kentucky Route Zero
;;;L.A. Noire
;;;Lake
;;;LEGO® Batman™ 2: DC Super Heroes
;;;LEGO® Batman™ 3: Beyond Gotham
;;;LEGO® Batman™: The Videogame
;;;LEGO® MARVEL's Avengers
;;;LEGO® MARVEL Super Heroes 2
;;;Life is Strange 2
;;;Life is Strange: Before the Storm
;;;Life is Strange: True Colors
;;;Lonely Mountains: Downhill
;;;Lost Ember VR Edition
;;;Magnificent Ships: Volume 1
;;;Magnificent Ships: Volume 2
;;;Marvel's Guardians of the Galaxy
;;;Men of War: Assault Squad 2
;;;Mirror's Edge™ Catalyst
;;;Moncage
;;;Morphies Law
;;;My Train Arrives
;;;NavalArt
;;;Onward
;;;OpenTTD
;;;Operation Tango
;;;Overland
;;;PokerStars VR
;;;Project Winter
;;;Railway Islands - Puzzle
;;;Raw Data
;;;Rayman: Raving Rabbids
;;;Rayman Origins
;;;Rec Room
;;;Retimed
;;;Retrograde Arena
;;;Retrowave
;;;Rise of Industry
;;;Road 96
;;;Rubber Bandits: Summer Prologue
;;;Secret Neighbor
;;;Seen
;;;Shadow Tactics: Blades of the Shogun
;;;Sherlock Holmes: Crimes and Punishments
;;;Sherlock Holmes: Nemesis
;;;Sherlock Holmes: The Awakened (2008)
;;;Sherlock Holmes: The Devil's Daughter
;;;Sherlock Holmes: The Mystery of The Persian Carpet
;;;Sherlock Holmes: The Secret of the Silver Earring
;;;Sherlock Holmes versus Jack the Ripper
;;;Shift Happens
;;;SimRail - The Railway Simulator: Prologue
;;;Sizeable
;;;Sniper Elite 4
;;;Squad - Public Testing
;;;Star Drift Evolution
;;;State of Mind
;;;Stela
;;;Supraland
;;;Sweet Transit
;;;Syberia - The World Before
;;;Syberia 2
;;;Syberia 3
;;;Tell Me Why
;;;The Blackout Club
;;;The Forgotten City
;;;The Invisible Hours
;;;The Stillness of the Wind
;;;The Testament of Sherlock Holmes
;;;The Turing Test
;;;The Wild Eight
;;;The Witness
;;;They Are Billions
;;;This Is the Police
;;;This Is the Police 2
;;;This War of Mine
;;;Tilt Brush
;;;Timelie
;;;Tom Clancy's Ghost Recon® Wildlands
;;;Total Tank Simulator
;;;Train Mechanic Simulator 2017
;;;Turbo Golf Racing
;;;Unrailed!
;;;VTOL VR
;;;Watch_Dogs 2
;;;We Were Here Too
;;;Witch It
;;;Wolfenstein II: The New Colossus German Edition
;;;Worms W.M.D
;;;Wreckfest Throw-A-Santa + Sneak Peek 2.0
;;;Zero Hour
;;;Mount & Blade: Warband
;;;The Elder Scrolls V: Skyrim Special Edition
;;;ELDEN RING
;;;Dragon's Dogma: Dark Arisen
;;;Kenshi
;;;Mount & Blade II: Bannerlord
;;;Outward
;;;STAR WARS™ Knights of the Old Republic™ II: The Sith Lords™
;;;Fictorum
;;;BioShock Infinite
;;;Hunt: Showdown
;;;V Rising
;;;Realm Royale Reforged
;;;Divinity: Original Sin 2
;;;Enderal: Forgotten Stories (Special Edition)
;;;Star Wars: Battlefront 2 (Classic, 2005)
;;;Hades
;;;Lethal League
;;;Saints Row: The Third
;;;Hand of Fate 2
;;;The Elder Scrolls Online
;;;The Elder Scrolls III: Morrowind
;;;STAR WARS™: The Old Republic™
;;;Aragami
;;;Warhammer: Vermintide 2
;;;Dishonored 2
;;;Borderlands: The Pre-Sequel
;;;Regions Of Ruin
;;;Valheim
;;;TerraTech
;;;STAR WARS™: The Force Unleashed™ Ultimate Sith Edition
;;;Outer Wilds
;;;Katana ZERO
;;;Eden Rising
;;;Titan Quest Anniversary Edition
;;;Splitgate
;;;Hollow Knight
;;;NARAKA: BLADEPOINT
;;;The Lord of the Rings Online™
;;;Deus Ex: Game of the Year Edition
;;;Hunger Dungeon
;;;The Elder Scrolls IV: Oblivion 
;;;The Chronicles Of Myrtana: Archolos
;;;Risen
;;;Gothic 3
;;;Monster Hunter Stories 2: Wings of Ruin Trial Version
;;;Risen 3 - Titan Lords
;;;ELEX
;;;Guild Wars 2
;;;Dishonored®: Death of the Outsider™ 
;;;Ghostrunner Demo
;;;Halo Infinite
;;;Fallout: New Vegas
;;;Gothic 1 Classic
;;;Titan Souls
;;;Gothic 3 Forsaken Gods Enhanced Edition
;;;Vampire: The Masquerade - Bloodlines
;;;ArcaniA
;;;ArcaniA: Fall of Setarrif
;;;Company of Heroes 2
;;;Gothic II: Gold Classic
;;;Gothic Playable Teaser
;;;Hunt: Showdown (Test Server)
;;;Realm Royale - Test Server
;;;Risen 2 - Dark Waters
;;;RuneScape
;;;Ultimate Epic Battle Simulator
;;;AdVenture Capitalist
;;;Albion Online
;;;Zenith MMO
;;;OrbusVR
;;;POPULATION: ONE
;;;Deponia Doomsday
;;;Lost Ark
;;;The Room Three
;;;Tree of Savior (English Ver.)
;;;Forager
;;;Spore: Galactic Adventures
;;;Resident Evil Village
;;;Deponia: The Complete Journey
;;;The Binding of Isaac
;;;Bayonetta
;;;Sunset Overdrive
;;;Doki Doki Literature Club
;;;Die drei ??? - Rätsel aus der Geisterwelt
;;;Poppy Playtime
;;;HuniePop
;;;Bless Online
;;;The Elder Scrolls V: Skyrim VR
;;;Geometry Dash
;;;BONELAB
;;;Clicker Heroes
;;;Blade & Sorcery
;;;The Planet Crafter
;;;Spore
;;;Sam & Max Save the World
;;;ASTRONEER
;;;Cell to Singularity - Evolution Never Ends
;;;Muck
;;;Die drei ??? - Geheimnis der Schattenhelden
;;;Slime Rancher
;;;Subnautica
;;;TERA
;;;Lust for Darkness
;;;Dungeon Defenders II
;;;60 Parsecs!
;;;Vertical Shift
;;;Stargazing: Genesis
;;;Gorilla Tag
;;;CAYNE
;;;Sector's Edge
;;;We Happy Few
;;;Escape From School
;;;FIVE NIGHTS AT FREDDY'S: HELP WANTED
;;;OnlyCans: Thirst Date
;;;Battlerite
;;;Tales of Escape
;;;Cube World
;;;Monster Girl Island: Prologue
;;;Portal Stories: VR
;;;Treasure Hunter Simulator
;;;Dragon Saga
;;;cyubeVR
;;;Survarium
;;;Waltz of the Wizard (Legacy demo)
;;;The Hidden Room
;;;Rain World
;;;Star Trek Online
;;;War Robots
;;;Say No! More
;;;Entangled
;;;Go Home Dinosaurs!
;;;Pilot Brothers 2
;;;Telefrag VR
;;;Roarr! Jurassic Edition
;;;Overboard
;;;MONMUSU
;;;NecroWorm
;;;Adventure Climb VR
;;;A Shopping Trip to Eklan Tor
;;;Guardian of Immortal Mountain(仙山守卫者)
;;;ArcheAge
;;;AER Memories of Old
;;;Afterlife Work
;;;Block Breaker
;;;Block Breaker 2
;;;BLOCKED ZONA
;;;BOX RUSH 2: Ice worlds
;;;EarthX
;;;ENDLESS™ Space 2
;;;Garfield Kart - Furious Racing
;;;Injustice: Gods Among Us Ultimate Edition
;;;Lust from Beyond: M Edition
;;;Memoria
;;;Open Brush
;;;RetroArch
;;;Rogue Heroes: Ruins of Tasos
;;;SEGA Mega Drive & Genesis Classics
;;;Spellbound Spire
;;;STORM VR
;;;The Ball
;;;The Uncertain: Last Quiet Day
;;;The Walking Dead: Saints & Sinners
